,classification,p_pos,p_neg
0,pos,0.8068138561096309,0.19318614389036962
1,neg,0.41848202792355804,0.5815179720764431
2,pos,0.8018867924528309,0.19811320754716955
3,neg,0.15041886527060888,0.8495811347293922
4,pos,0.7277227722772278,0.2722772277227725
5,pos,0.9941507629060143,0.0058492370939835685
6,pos,0.8289102817632396,0.17108971823676022
7,pos,0.5545948589750554,0.4454051410249443
8,pos,0.6955357142857147,0.3044642857142857
9,pos,0.6098684467864572,0.39013155321354526
10,pos,0.9907239369403318,0.00927606305966772
11,neg,0.16705163873491669,0.8329483612650828
12,neg,0.19416037895277372,0.8058396210472237
13,pos,0.9518682957373015,0.048131704262697306
14,pos,0.6380708318557055,0.3619291681442943
15,neg,0.3172242267773536,0.6827757732226446
16,pos,0.669452001554605,0.3305479984453946
17,pos,0.5367858782645503,0.4632141217354489
18,pos,0.7536627715176334,0.2463372284823651
19,pos,0.5338983050847458,0.4661016949152534
20,pos,0.5503829583532791,0.44961704164672045
21,neg,0.2911216805390407,0.7088783194609592
22,pos,0.5131435366536099,0.48685646334639066
23,pos,0.9608677455357152,0.039132254464285886
24,neg,0.2580676839765158,0.7419323160234846
25,pos,0.7504377942350251,0.24956220576497273
26,pos,0.8711144182369679,0.12888558176303103
27,pos,0.7646327073004232,0.2353672926995772
28,pos,0.6913716814159296,0.308628318584071
29,pos,0.8182081854353578,0.18179181456464122
30,neg,0.39956000742121767,0.600439992578782
31,pos,0.8711144182369679,0.12888558176303103
32,pos,0.5722757162987312,0.4277242837012683
33,pos,0.9943288949533526,0.005671105046646594
34,neg,0.4080483170523175,0.5919516829476816
35,pos,0.8280258894171969,0.1719741105828029
36,pos,0.5573394495412843,0.4426605504587155
37,pos,0.9611991825406475,0.03880081745935381
38,pos,0.5770638533381083,0.4229361466618913
39,neg,0.293657168330615,0.7063428316693853
40,neg,0.16964285714285696,0.8303571428571439
41,pos,0.8259041768063564,0.1740958231936435
42,neg,0.41200627300148335,0.587993726998517
43,neg,0.48890043524751897,0.5110995647524805
44,pos,0.8642355697531003,0.13576443024689805
45,pos,0.715679490357648,0.2843205096423519
46,neg,0.027794757833883497,0.972205242166115
47,neg,0.4980279245878361,0.5019720754121634
48,pos,0.9994325757623809,0.0005674242376150766
49,pos,0.8460141049498475,0.15398589505015203
50,neg,0.35452504517509903,0.6454749548249018
51,pos,0.9935686376119092,0.006431362388090554
52,pos,0.6951064505878608,0.3048935494121386
53,pos,0.8370989606868495,0.16290103931314942
54,pos,0.6184210526315788,0.38157894736842085
55,pos,0.9115331071086771,0.08846689289132507
56,pos,0.9716143231743418,0.028385676825658276
57,pos,0.9466615407510294,0.05333845924897073
58,pos,0.8437499999999998,0.15625000000000014
59,pos,0.5508004709749491,0.44919952902505017
60,pos,0.7296532310452569,0.27034676895474397
61,neg,0.06593564690996762,0.9340643530900347
62,neg,0.4598845961174871,0.5401154038825124
63,pos,0.6220657276995304,0.3779342723004699
64,pos,0.9842640144832496,0.01573598551675079
65,pos,0.9469064045202122,0.053093595479783276
66,neg,0.47271748355597065,0.5272825164440291
67,pos,0.9998467910206187,0.00015320897938072913
68,pos,0.9965902910378103,0.003409708962190905
69,neg,0.3252100347386752,0.6747899652613251
70,pos,0.9897103658536577,0.01028963414634146
71,pos,0.8397268425254653,0.16027315747453363
72,pos,0.6571395453394742,0.3428604546605268
73,neg,0.1923076923076924,0.8076923076923082
74,pos,0.8407964527432429,0.1592035472567549
75,pos,0.8772704190610983,0.12272958093890433
76,pos,0.8204952498908884,0.1795047501091104
77,pos,0.9487008900804723,0.05129910991952859
78,neg,0.47766570605187275,0.5223342939481274
79,pos,0.5048467578989979,0.4951532421010021
80,pos,0.7399614129990989,0.2600385870009018
81,pos,0.6852285069763557,0.3147714930236445
82,pos,0.9511436978926693,0.048856302107331516
83,pos,0.6702889990978754,0.329711000902125
84,pos,0.9527216874346163,0.047278312565384346
85,neg,0.11576853638331441,0.8842314636166881
86,pos,0.8169641483872397,0.18303585161275954
87,pos,0.8668458894940587,0.13315411050594117
88,neg,0.41206439417377216,0.5879356058262283
89,pos,0.7945619486267506,0.2054380513732505
90,neg,0.411081619110816,0.5889183808891839
91,neg,0.49550760755508927,0.5044923924449108
92,neg,0.05080080823265061,0.9491991917673513
93,neg,0.1637486567989544,0.8362513432010442
94,pos,0.9793041547613952,0.020695845238602923
95,pos,0.8214083976652237,0.17859160233477647
96,neg,0.28353634761451696,0.716463652385482
97,pos,0.9459399200627043,0.0540600799372949
98,pos,0.8210155472490821,0.178984452750917
99,pos,0.9452199921388715,0.05478000786113054
100,pos,0.6340955319811067,0.3659044680188949
101,pos,0.50783572726737,0.49216427273262997
102,pos,0.9873366912147736,0.012663308785224873
103,pos,0.6528378991365222,0.3471621008634774
104,pos,0.6168349617244143,0.38316503827558523
105,neg,0.15883259669657468,0.8411674033034241
106,neg,0.3771669411746424,0.6228330588253589
107,neg,0.3315606807130676,0.6684393192869322
108,pos,0.977458172008531,0.02254182799147129
109,pos,0.9865153155448004,0.01348468445519959
110,pos,0.5863531225905939,0.41364687740940637
111,pos,0.9653465346534646,0.03465346534653467
112,neg,0.43452380952380953,0.5654761904761907
113,pos,0.8434463968585254,0.15655360314147304
114,pos,0.5602037269529675,0.4397962730470325
115,pos,0.9747741920917754,0.025225807908223763
116,neg,0.09355429967924246,0.9064457003207573
117,pos,0.7208550814739748,0.27914491852602513
118,pos,0.9085121311293091,0.09148786887069178
119,pos,0.8605931501716806,0.1394068498283199
120,pos,0.6649318699215117,0.33506813007848824
121,neg,0.3376963350785338,0.6623036649214649
122,neg,0.39352233842826784,0.606477661571731
123,pos,0.8659643423297041,0.13403565767029588
124,neg,0.2706887017527106,0.7293112982472898
125,pos,0.9179743223965735,0.0820256776034239
126,pos,0.5266189043698537,0.47338109563014574
127,pos,0.9471996021718472,0.05280039782815312
128,pos,0.8354359084091705,0.1645640915908285
129,pos,0.9564361646335098,0.043563835366488106
130,neg,0.418753780784937,0.5812462192150614
131,pos,0.738481576657107,0.2615184233428927
132,pos,0.5086215418722398,0.49137845812776
133,neg,0.35454314256201896,0.6454568574379852
134,neg,0.3695661764474173,0.6304338235525823
135,neg,0.016245144284220178,0.9837548557157794
136,pos,0.6484547461368643,0.3515452538631351
137,pos,0.8336909871244632,0.16630901287553582
138,pos,0.9133466366568427,0.0866533633431563
139,pos,0.9568881047297105,0.04311189527029059
140,pos,0.9564857514527374,0.04351424854726164
141,pos,0.9969509573130769,0.0030490426869243
142,pos,0.8099675014795165,0.1900324985204856
143,pos,0.6895697053351745,0.31043029466482563
144,pos,0.742889833278849,0.2571101667211507
145,pos,0.6633053248684484,0.33669467513155243
146,pos,0.9186854618550288,0.08131453814497121
147,neg,0.3864223004844951,0.6135776995155041
148,pos,0.6889209682323811,0.3110790317676187
149,neg,0.1251094160310114,0.8748905839689876
150,pos,0.8210442810522469,0.17895571894775433
151,neg,0.45301268873608835,0.5469873112639113
152,neg,0.34566783418158026,0.6543321658184208
153,pos,0.8504511377768613,0.14954886222313912
154,pos,0.7355588897224312,0.2644411102775694
155,neg,0.2073170731707314,0.7926829268292681
156,neg,0.2073170731707314,0.7926829268292681
157,neg,0.3303278688524587,0.6696721311475393
158,pos,0.7401315789473697,0.2598684210526305
159,pos,0.6598109197350481,0.34018908026495215
160,neg,0.23001001237035745,0.7699899876296424
161,pos,0.7822995921920476,0.21770040780795305
162,pos,0.8718114281174439,0.12818857188255608
163,pos,0.8753883418244679,0.1246116581755295
164,pos,0.5445859872611459,0.4554140127388537
165,neg,0.19760452338671627,0.8023954766132827
166,pos,0.9763073697226863,0.023692630277314965
167,pos,0.949868913343017,0.05013108665698393
168,pos,0.9816205534908664,0.018379446509136425
169,pos,0.6719117488103664,0.32808825118963375
170,neg,0.19547872340425565,0.8045212765957442
171,pos,0.8128201370112993,0.18717986298870168
172,pos,0.5675583907809444,0.43244160921905533
173,pos,0.926884492883097,0.07311550711690216
174,pos,0.9828205975838858,0.01717940241611299
175,neg,0.3484141959877898,0.6515858040122099
176,pos,0.8225806451612903,0.1774193548387096
177,pos,0.8496118593327616,0.15038814066723807
178,pos,0.8147308559634069,0.18526914403659242
179,neg,0.4917504609375259,0.5082495390624749
180,neg,0.21522072899530462,0.7847792710046964
181,pos,0.8860296124407773,0.1139703875592223
182,pos,0.7592086751218146,0.24079132487818442
183,pos,0.699111861072907,0.3008881389270936
184,pos,0.972864413055936,0.027135586944062873
185,pos,0.5496858326079379,0.4503141673920617
186,pos,0.6029756274563817,0.3970243725436171
187,neg,0.492698776040691,0.5073012239593083
188,pos,0.7243950850928883,0.27560491490711164
189,neg,0.09756541243228982,0.9024345875677106
190,pos,0.6336510338042408,0.3663489661957596
191,pos,0.623579283356139,0.3764207166438619
192,neg,0.2762852384306203,0.7237147615693785
193,neg,0.14557120611866206,0.8544287938813374
194,pos,0.8864740519482179,0.11352594805178125
195,pos,0.8127759450980618,0.18722405490193786
196,pos,0.847777608026192,0.15222239197380777
197,pos,0.7168904112705136,0.2831095887294882
198,neg,0.2275287922404272,0.7724712077595703
199,pos,0.6204504177261168,0.3795495822738823
200,pos,0.9568401897732476,0.043159810226751194
201,pos,0.9964567368017191,0.0035432631982827423
202,pos,0.5051558953378067,0.49484410466219436
203,pos,0.8926766850099135,0.1073233149900853
204,pos,0.8757779233540784,0.12422207664592237
205,pos,0.8091612364594515,0.19083876354054793
206,neg,0.25432071665546035,0.7456792833445417
207,neg,0.252347107271412,0.747652892728589
208,pos,0.7436868686868681,0.2563131313131312
209,pos,0.9724996462470352,0.027500353752963464
210,pos,0.9889349106736244,0.011065089326375342
211,pos,0.835665005749331,0.16433499425067102
212,neg,0.44595508452259985,0.5540449154773996
213,pos,0.9941250383290978,0.005874961670901976
214,pos,0.7245791853208937,0.2754208146791074
215,pos,0.5130593191763206,0.486940680823679
216,neg,0.1821339581855085,0.8178660418144925
217,pos,0.8114038568367594,0.1885961431632415
218,pos,0.6809418072809893,0.31905819271900954
219,pos,0.6919524952553553,0.30804750474464276
220,pos,0.5859490340407822,0.4140509659592197
221,pos,0.993017711171662,0.0069822888283378815
222,pos,0.7857273489508777,0.2142726510491215
223,neg,0.06287132299666713,0.9371286770033319
224,pos,0.7817401024754882,0.21825989752451205
225,pos,0.6091505310476143,0.3908494689523852
226,pos,0.9548804238186381,0.04511957618135951
227,pos,0.9925142921652169,0.007485707834783002
228,neg,0.37544619427166104,0.6245538057283385
229,pos,0.7566176751831822,0.24338232481681782
230,pos,0.8276162648895347,0.17238373511046914
231,neg,0.4987346573593104,0.5012653426406888
232,pos,0.8301269803853453,0.16987301961465404
233,neg,0.20296032238065775,0.7970396776193434
234,pos,0.7997750546515082,0.2002249453484933
235,pos,0.7212887933533418,0.2787112066466567
236,pos,0.8561652911334883,0.14383470886650956
237,pos,0.6639852806174371,0.33601471938256366
238,pos,0.8934521793262861,0.10654782067371454
239,pos,0.5085056241269732,0.49149437587302613
240,neg,0.39620640904806836,0.6037935909519319
241,neg,0.03714644946785959,0.9628535505321456
242,neg,0.3024062086400947,0.6975937913599061
243,neg,0.4493521790341579,0.5506478209658415
244,pos,0.6938325991189435,0.30616740088105693
245,pos,0.8859844271412673,0.11401557285873186
246,neg,0.25888287233152596,0.7411171276684745
247,pos,0.6369548584544755,0.363045141545524
248,pos,0.9446099129475771,0.05539008705242406
249,pos,0.969609485321698,0.030390514678300153
250,pos,0.6283328752595448,0.37166712474045505
251,pos,0.9697469746974694,0.030253025302530212
252,pos,0.8106485188150522,0.18935148118494785
253,neg,0.24987238070192444,0.7501276192980755
254,neg,0.23225910388030535,0.7677408961196946
255,pos,0.7743892663011583,0.22561073369884227
256,pos,0.833333333333334,0.16666666666666646
257,pos,0.6924606097696109,0.3075393902303915
258,neg,0.2564081900105729,0.7435918099894271
259,neg,0.49316221157159795,0.5068377884284025
260,pos,0.8534247495043087,0.14657525049569087
261,pos,0.7815698303199923,0.21843016968000856
262,pos,0.5318840765806027,0.468115923419397
263,pos,0.5839182178822093,0.41608178211778907
264,pos,0.6601367337790975,0.3398632662209027
265,neg,0.3372032467147469,0.662796753285252
266,pos,0.7208737864077663,0.27912621359223305
267,pos,0.9963237326552065,0.0036762673447951664
268,pos,0.9963430843273401,0.0036569156726592653
269,pos,0.9912290710052029,0.00877092899479794
270,pos,0.7742590338432823,0.22574096615671524
271,pos,0.997258559890798,0.002741440109202594
272,neg,0.17962162143063454,0.8203783785693632
273,pos,0.7906956211902568,0.20930437880974442
274,neg,0.3468899521531103,0.6531100478468896
275,pos,0.5348069534681461,0.46519304653185267
276,neg,0.0675532871201768,0.9324467128798237
277,pos,0.9952591665005438,0.004740833499456708
278,pos,0.9107515514567258,0.08924844854327389
279,neg,0.08600536634951024,0.9139946336504894
280,pos,0.9920270702577557,0.007972929742246044
281,pos,0.9779829545454546,0.022017045454545383
282,pos,0.6861873874128133,0.3138126125871865
283,pos,0.8863512489124269,0.11364875108757638
284,pos,0.801090016359523,0.19890998364047593
285,pos,0.9960937500000006,0.003906250000000019
286,neg,0.06238654707795773,0.937613452922041
287,pos,0.6597487979589852,0.34025120204101583
288,pos,0.8796524639843882,0.12034753601561246
289,neg,0.11927635819328547,0.8807236418067125
290,pos,0.645985471940272,0.3540145280597262
291,pos,0.8706962827342614,0.12930371726574075
292,neg,0.20806356680400276,0.7919364331959967
293,pos,0.7060572374007561,0.29394276259924534
294,pos,0.9414904751936359,0.05850952480636377
295,neg,0.27328080064947247,0.7267191993505269
296,pos,0.7825329430059876,0.2174670569940148
297,pos,0.7666722448457703,0.23332775515422857
298,pos,0.968890363732179,0.03110963626782184
299,pos,0.6897745418420042,0.3102254581579961
300,pos,0.7879714725879593,0.2120285274120421
301,pos,0.8021575803998566,0.19784241960014268
302,pos,0.6098634901638149,0.3901365098361852
303,pos,0.9870336110409457,0.012966388959055674
304,pos,0.684667332097534,0.31533266790246656
305,pos,0.9268092567699387,0.07319074323006305
306,pos,0.612492880175089,0.3875071198249116
307,neg,0.2195694757649719,0.7804305242350283
308,neg,0.36721952169641947,0.63278047830358
309,pos,0.5552602126468944,0.4447397873531047
310,pos,0.9927275824107638,0.007272417589238052
311,neg,0.47138353955447765,0.5286164604455239
312,neg,0.1836782047148702,0.8163217952851288
313,pos,0.5390985609557426,0.4609014390442579
314,neg,0.10672337247649315,0.8932766275235081
315,pos,0.711480999522017,0.28851900047798246
316,pos,0.7876529654395884,0.21234703456040935
317,neg,0.33061883117461016,0.669381168825391
318,pos,0.6660468876313662,0.3339531123686332
319,neg,0.4975726173296313,0.5024273826703686
320,pos,0.7469513871686324,0.25304861283136904
321,pos,0.7472842987868491,0.2527157012131517
322,pos,0.6454538824773471,0.35454611752265325
323,neg,0.43750000000000044,0.5624999999999999
324,pos,0.8371829726551892,0.16281702734481046
325,neg,0.28648602992641053,0.7135139700735881
326,pos,0.9074674465220052,0.09253255347799676
327,pos,0.7747385600040247,0.2252614399959757
328,neg,0.4125252524005268,0.5874747475994738
329,pos,0.8082578875583348,0.19174211244166586
330,pos,0.9879478671797121,0.01205213282028805
331,pos,0.6749772602389874,0.32502273976101004
332,neg,0.30705569938323357,0.6929443006167664
333,neg,0.32299884045854027,0.6770011595414592
334,pos,0.9786749953467294,0.021325004653271674
335,pos,0.9433150209015916,0.05668497909840699
336,pos,0.9379238734385938,0.062076126561405646
337,pos,0.7898874896975592,0.21011251030244138
338,pos,0.8408760360746315,0.15912396392536682
339,neg,0.25590028518045027,0.7440997148195495
340,neg,0.23148865678969366,0.768511343210306
341,pos,0.6958962305989029,0.3041037694010957
342,pos,0.9711658687507314,0.028834131249268195
343,pos,0.9836232245785583,0.01637677542143944
344,pos,0.9574030639515672,0.04259693604843293
345,pos,0.8898487848332188,0.11015121516678067
346,pos,0.840747797594334,0.15925220240566476
347,pos,0.8212339862299111,0.17876601377008686
348,pos,0.8735576971820151,0.12644230281798574
349,pos,0.9977862995056891,0.002213700494309526
350,neg,0.10812223115784757,0.891877768842151
351,pos,0.9883681845895901,0.011631815410409184
352,neg,0.36626939864707486,0.6337306013529256
353,pos,0.7051911701602649,0.29480882983973433
354,pos,0.6270491803278677,0.3729508196721306
355,neg,0.1528068716230448,0.8471931283769534
356,pos,0.6476901608885905,0.3523098391114077
357,neg,0.3624535315985132,0.6375464684014877
358,neg,0.48772321428571347,0.5122767857142856
359,pos,0.8492426323519713,0.15075736764802933
360,neg,0.4127807900852046,0.5872192099147945
361,pos,0.5151006245504927,0.484899375449506
362,pos,0.7927365522852435,0.20726344771475638
363,pos,0.9314337207134419,0.06856627928655784
364,pos,0.8248099516240497,0.17519004837594987
365,pos,0.9010751009721278,0.09892489902787305
366,pos,0.9321127248090192,0.06788727519097995
367,pos,0.6875559633532378,0.3124440366467632
368,pos,0.7202243472951415,0.27977565270485893
369,neg,0.23183199688367698,0.768168003116322
370,pos,0.7828856888601244,0.21711431113987556
371,pos,0.9219888203486332,0.07801117965136597
372,pos,0.5775713050993947,0.4224286949006052
373,neg,0.28472222222222227,0.7152777777777779
374,pos,0.5184504184630998,0.48154958153690103
375,pos,0.5645161290322581,0.43548387096774166
376,neg,0.48656429942418417,0.5134357005758156
377,pos,0.799630806617441,0.20036919338255918
378,neg,0.45000000000000123,0.5499999999999999
379,pos,0.6285065767777276,0.3714934232222727
380,pos,0.8795485174955776,0.12045148250442428
381,pos,0.5930232558139548,0.40697674418604723
382,neg,0.41634386174016785,0.5836561382598319
383,pos,0.7106059808950291,0.28939401910497176
384,pos,0.9245686460944261,0.07543135390557355
385,pos,0.7600358136315051,0.23996418636849814
386,neg,0.4159126570116007,0.5840873429883994
387,pos,0.8932160484566599,0.10678395154334167
388,neg,0.42242336950241205,0.5775766304975871
389,neg,0.41967871485943725,0.5803212851405632
390,pos,0.9969111276401845,0.003088872359818625
391,pos,0.9201680672268925,0.07983193277310936
392,neg,0.2675601090814365,0.7324398909185638
393,pos,0.9121374529920908,0.08786254700790976
394,pos,0.547854826339055,0.4521451736609454
395,pos,0.859814573122651,0.1401854268773512
396,neg,0.37568434378383087,0.6243156562161688
397,neg,0.3091919700403393,0.6908080299596623
398,pos,0.6780223465046797,0.3219776534953183
399,pos,0.9975561985086837,0.002443801491317563
400,pos,0.8821113967095481,0.11788860329045248
401,pos,0.9571149195050855,0.04288508049491561
402,neg,0.3012368789519055,0.6987631210480942
403,neg,0.3298760806632434,0.6701239193367586
404,pos,0.5500228900062104,0.44997710999379015
405,pos,0.8365886786251501,0.16341132137484823
406,neg,0.09730423489417865,0.9026957651058215
407,neg,0.45652173913043487,0.5434782608695651
408,pos,0.6725140839586232,0.32748591604137656
409,neg,0.3474580537351519,0.652541946264847
410,pos,0.6758223602091238,0.3241776397908764
411,pos,0.7917748917748924,0.20822510822510773
412,pos,0.7103008761124537,0.2896991238875497
413,pos,0.5157514894487906,0.48424851055120977
414,pos,0.9683963557135152,0.03160364428648646
415,pos,0.9809998920696699,0.019000107930327116
416,neg,0.11553544903827316,0.8844645509617274
417,neg,0.3962779004169734,0.6037220995830276
418,pos,0.6397117093600782,0.3602882906399217
419,neg,0.42567567567567516,0.5743243243243242
420,pos,0.7957990472065825,0.20420095279341716
421,pos,0.9009650526096737,0.09903494739032562
422,pos,0.8578780465797335,0.14212195342026687
423,pos,0.9116698614220274,0.08833013857797263
424,neg,0.05319406087862342,0.9468059391213748
425,pos,0.6339304824528302,0.36606951754716793
426,pos,0.9068237160692686,0.09317628393073031
427,pos,0.8863176645597044,0.11368233544029487
428,pos,0.7029050547498895,0.2970949452501106
429,pos,0.9432150386022846,0.05678496139771445
430,pos,0.9964107896570061,0.003589210342990601
431,neg,0.2131509491422191,0.7868490508577796
432,pos,0.8254628766337374,0.1745371233662617
433,neg,0.253942394378418,0.7460576056215829
434,pos,0.8471215983869939,0.15287840161300634
435,pos,0.9955641734549097,0.0044358265450878814
436,pos,0.5577056219363968,0.4422943780636051
437,pos,0.8192080813064722,0.1807919186935277
438,pos,0.9350366910689226,0.06496330893107816
439,neg,0.49387312523706295,0.5061268747629379
440,pos,0.968491623065789,0.03150837693421206
441,neg,0.2963558770475301,0.7036441229524695
442,pos,0.749999999999999,0.25
443,pos,0.6080645161290316,0.3919354838709678
444,pos,0.9404584977668513,0.05954150223314955
445,pos,0.7299745069099692,0.2700254930900325
446,pos,0.6858974358974372,0.3141025641025639
447,pos,0.6931604321986996,0.30683956780129995
448,neg,0.10150771102990482,0.8984922889700978
449,neg,0.11932702714724171,0.8806729728527588
450,neg,0.44950120066577864,0.5504987993342216
451,pos,0.5488258273734782,0.45117417262652115
452,pos,0.9950983768866899,0.004901623113309365
453,pos,0.749999999999999,0.25
454,pos,0.6038124417134949,0.39618755828650476
455,pos,0.5668182518729642,0.43318174812703547
456,pos,0.7715381217857746,0.22846187821422398
457,pos,0.5421073562497983,0.4578926437502023
458,pos,0.5476440710379077,0.4523559289620941
459,pos,0.9856439704675938,0.01435602953240354
460,pos,0.6155555555555556,0.3844444444444446
461,pos,0.8140761708697892,0.18592382913021105
462,pos,0.9400815445091865,0.059918455490815044
463,neg,0.46199967569023426,0.538000324309766
464,pos,0.9495301197990688,0.05046988020093126
465,pos,0.9640050627551123,0.035994937244888635
466,pos,0.7924205160218475,0.20757948397815332
467,neg,0.3621669509111293,0.6378330490888728
468,pos,0.6358339225643131,0.364166077435686
469,pos,0.8556863859603887,0.1443136140396106
470,pos,0.9923618811782596,0.007638118821740993
471,pos,0.8463131731565866,0.15368682684341345
472,pos,0.642077076623823,0.3579229233761762
473,pos,0.6334150126294874,0.3665849873705127
474,pos,0.6032437503043923,0.396756249695607
475,neg,0.4677284501131202,0.5322715498868813
476,neg,0.4610527056552075,0.5389472943447916
477,neg,0.11918131211564709,0.8808186878843505
478,pos,0.8538503608099671,0.14614963919003246
479,pos,0.7602328552547066,0.23976714474529445
480,pos,0.9263675428152501,0.07363245718475114
481,pos,0.6256375997929592,0.37436240020703954
482,pos,0.8893495634498995,0.1106504365500995
483,pos,0.7875414495499771,0.21245855045002385
484,pos,0.9318461307202595,0.06815386927974079
485,pos,0.8700517588421359,0.12994824115786485
486,pos,0.7619023331806102,0.23809766681938715
487,pos,0.8812362001974455,0.11876379980255444
488,pos,0.9347039144946985,0.06529608550530296
489,neg,0.3802894763292796,0.6197105236707201
490,pos,0.9533333333333339,0.046666666666666926
491,pos,0.7355071667252894,0.26449283327471085
492,pos,0.9948474470500687,0.00515255294993162
493,neg,0.4473450210936101,0.5526549789063885
494,pos,0.9732357640224045,0.02676423597759586
495,pos,0.8466748363256669,0.15332516367433363
496,pos,0.9474523443431407,0.05254765565685773
497,pos,0.8568235162600298,0.14317648373997113
498,pos,0.8458686846999993,0.15413131530000032
499,pos,0.9897277467694293,0.010272253230568894
500,pos,0.6301150515953031,0.3698849484046977
501,pos,0.6587285456304172,0.34127145436958045
502,pos,0.643086701899729,0.35691329810027156
503,pos,0.9566806840310103,0.04331931596898969
504,neg,0.46475814381721187,0.5352418561827874
505,pos,0.6209652235628099,0.3790347764371897
506,pos,0.5297391109952666,0.47026088900473356
507,pos,0.8828965803422724,0.1171034196577271
508,pos,0.6706892747052977,0.32931072529470173
509,pos,0.9627123199047902,0.0372876800952073
510,pos,0.8101075400171835,0.18989245998281842
511,neg,0.35172696111623464,0.6482730388837636
512,pos,0.7799986451853838,0.22000135481461588
513,pos,0.9859347371805178,0.014065262819482414
514,pos,0.960564213848886,0.039435786151114635
515,neg,0.42727450010339535,0.5727254998966045
516,neg,0.25820170109355983,0.741798298906438
517,pos,0.7431697965860291,0.25683020341397106
518,pos,0.6034342627286755,0.3965657372713248
519,neg,0.23419560599336747,0.7658043940066329
520,pos,0.7060759595434973,0.29392404045650306
521,neg,0.43024447707927727,0.5697555229207221
522,pos,0.9578006262110648,0.042199373788934944
523,pos,0.9809614087505466,0.019038591249451203
524,pos,0.9583588637373321,0.041641136262666904
525,neg,0.31314357333654164,0.686856426663456
526,pos,0.608837572386092,0.39116242761390657
527,pos,0.7884310158144249,0.2115689841855745
528,neg,0.27290412567904815,0.7270958743209515
529,pos,0.6532138374410653,0.3467861625589334
530,pos,0.9089695750115317,0.09103042498846588
531,pos,0.6097429065733749,0.390257093426625
532,pos,0.655878711241074,0.34412128875892384
533,pos,0.7458100558659231,0.2541899441340785
534,pos,0.979336526140105,0.020663473859896746
535,pos,0.8532911557158482,0.14670884428414924
536,pos,0.8312672176308534,0.16873278236914627
537,pos,0.8795113989691791,0.12048860103082126
538,pos,0.9532708690177754,0.04672913098222477
539,neg,0.4333333333333337,0.5666666666666661
540,pos,0.764444477034475,0.23555552296552498
541,pos,0.8668758184728512,0.13312418152714933
542,pos,0.7927852348993278,0.20721476510067083
543,pos,0.7389136858291102,0.261086314170891
544,pos,0.5687897001903276,0.43121029980967174
545,neg,0.46096938219674993,0.5390306178032511
546,neg,0.20454545454545414,0.7954545454545463
547,neg,0.07989131464264775,0.9201086853573534
548,neg,0.05172413793103452,0.9482758620689665
549,pos,0.6713818700625019,0.32861812993749856
550,pos,0.7501874531367158,0.24981254686328389
551,pos,0.9779546911500665,0.022045308849935354
552,pos,0.5200065545208741,0.4799934454791262
553,pos,0.9575892857142845,0.04241071428571424
554,neg,0.3084257241951075,0.691574275804892
555,pos,0.9642593703088045,0.03574062969119438
556,neg,0.07100091711906276,0.9289990828809347
557,neg,0.4373278811649842,0.5626721188350167
558,neg,0.36887835120955403,0.6311216487904453
559,pos,0.8583716258341605,0.1416283741658393
560,pos,0.9804429580821113,0.019557041917887135
561,neg,0.49143359347187604,0.5085664065281233
562,pos,0.5627460783701017,0.4372539216298985
563,pos,0.9242350649150519,0.07576493508495001
564,pos,0.813485927226236,0.1865140727737615
565,neg,0.49846353858881765,0.5015364614111811
566,neg,0.11286134330785165,0.8871386566921484
567,pos,0.9915208479390084,0.008479152060992881
568,pos,0.9471787503508661,0.05282124964913214
569,pos,0.9723187761893548,0.027681223810643942
570,pos,0.8905778862095923,0.1094221137904079
571,neg,0.32385073123696717,0.6761492687630346
572,pos,0.861334683652257,0.13866531634774376
573,pos,0.5195165315417654,0.48048346845823425
574,pos,0.9854299409603824,0.014570059039617236
575,pos,0.8027459162938165,0.19725408370618386
576,neg,0.3938217717365833,0.6061782282634169
577,neg,0.48279220779220783,0.5172077922077922
578,neg,0.40827639909417196,0.5917236009058279
579,pos,0.5382743236526234,0.46172567634737577
580,pos,0.7830002688412943,0.21699973115870638
581,pos,0.8530412277133272,0.1469587722866727
582,pos,0.8582482376823471,0.1417517623176562
583,pos,0.6063261378592628,0.39367386214073696
584,pos,0.905876494023905,0.09412350597609569
585,pos,0.6633508299460661,0.33664917005393785
586,neg,0.3462146669302227,0.6537853330697763
587,neg,0.06625464102161263,0.9337453589783884
588,pos,0.6965167010610545,0.3034832989389445
589,pos,0.9611647219139688,0.038835278086030364
590,pos,0.8892694214894769,0.1107305785105247
591,pos,0.5775209375891309,0.42247906241086935
592,pos,0.7822404717626715,0.21775952823732858
593,pos,0.9399226130642178,0.06007738693578222
594,neg,0.46974522292993676,0.5302547770700637
595,pos,0.5696784605023547,0.43032153949764296
596,pos,0.5371316604239292,0.4628683395760715
597,neg,0.3616767651450764,0.6383232348549241
598,pos,0.851749955504918,0.14825004449508192
599,pos,0.5500500868714396,0.4499499131285611
600,neg,0.4077543866218913,0.592245613378107
601,pos,0.9417925253783113,0.058207474621689306
602,neg,0.23688176401634933,0.7631182359836536
603,pos,0.7884075228925607,0.21159247710743953
604,pos,0.958544839255498,0.04145516074450085
605,pos,0.9168305303851139,0.08316946961488443
606,pos,0.9075949320965632,0.09240506790343701
607,neg,0.07720234815794597,0.9227976518420562
608,pos,0.5873974045313096,0.4126025954686922
609,pos,0.9150458342606489,0.08495416573935023
610,pos,0.7862245034909375,0.2137754965090629
611,neg,0.15223734801338218,0.847762651986618
612,pos,0.914000181534471,0.0859998184655289
613,neg,0.36634899945585025,0.6336510005441474
614,pos,0.8412447257383966,0.15875527426160382
615,neg,0.47777087192637807,0.5222291280736211
616,pos,0.628097804770594,0.3719021952294059
617,pos,0.9077539935849869,0.09224600641501432
618,pos,0.9526212570247531,0.04737874297524742
619,pos,0.7322415562686116,0.2677584437313886
620,pos,0.6981345970846626,0.3018654029153376
621,pos,0.6669097406642389,0.3330902593357601
622,neg,0.07366446053333228,0.9263355394666675
623,pos,0.9611647219139688,0.038835278086030364
624,pos,0.6748452212009917,0.32515477879900856
625,pos,0.7226590455141462,0.27734095448585566
626,pos,0.6945983379501393,0.3054016620498614
627,neg,0.36521299147967806,0.63478700852032
628,neg,0.30641901018520157,0.6935809898147981
629,pos,0.6171682574055088,0.38283174259449243
630,pos,0.5796388223211222,0.42036117767887715
631,pos,0.6859322995166941,0.3140677004833056
632,pos,0.9969458991831901,0.003054100816810397
633,pos,0.9776437189496099,0.022356281050390378
634,pos,0.9378980891719747,0.06210191082802561
635,pos,0.8497385279808326,0.15026147201916668
636,pos,0.997392160970031,0.0026078390299693727
637,pos,0.7763986107433756,0.22360138925662623
638,neg,0.2907932627489042,0.709206737251096
639,pos,0.7421874999999996,0.25781250000000017
640,pos,0.8319030896158687,0.16809691038413216
641,neg,0.30243359161157474,0.6975664083884251
642,pos,0.5961350250595985,0.40386497494040235
643,pos,0.7513235379337169,0.2486764620662821
644,pos,0.9584204565818026,0.04157954341819616
645,pos,0.7141722236558359,0.28582777634416295
646,pos,0.9476868702645715,0.05231312973542877
647,pos,0.6457106910423888,0.3542893089576121
648,pos,0.9452657339246054,0.05473426607539374
649,neg,0.3985586295776522,0.6014413704223462
650,pos,0.8859198036671002,0.11408019633289913
651,pos,0.9404164576016063,0.05958354239839412
652,pos,0.9044665012406965,0.09553349875930524
653,neg,0.34536449714547857,0.6546355028545221
654,pos,0.9994844752278244,0.0005155247721761748
655,neg,0.2909629771298725,0.7090370228701248
656,pos,0.6888013858325855,0.3111986141674167
657,pos,0.8449030484268464,0.15509695157315287
658,neg,0.11202685415348919,0.887973145846511
659,pos,0.8753451968791859,0.12465480312081433
660,pos,0.7385819161189761,0.26141808388102483
661,pos,0.9986200138149083,0.0013799861850909746
662,pos,0.935414623056058,0.06458537694394025
663,neg,0.2872138387085697,0.7127861612914296
664,pos,0.6682758620689646,0.33172413793103417
665,pos,0.6682758620689646,0.33172413793103417
666,neg,0.2282845699440199,0.77171543005598
667,pos,0.9908502236928035,0.009149776307195882
668,neg,0.398676276942269,0.6013237230577314
669,pos,0.692742298120437,0.30725770187956347
670,pos,0.9306569343065684,0.0693430656934302
671,pos,0.7659861967198961,0.2340138032801045
672,pos,0.558486434018919,0.44151356598108166
673,pos,0.757367266548749,0.24263273345125094
674,neg,0.07352941176470605,0.926470588235295
675,pos,0.9954061920616789,0.004593807938321676
676,pos,0.9511242492849561,0.048875750715042236
677,pos,0.5138584388608908,0.48614156113910956
678,pos,0.9927431377655815,0.007256862234422591
679,neg,0.39371522765138767,0.6062847723486127
680,neg,0.20454545454545414,0.7954545454545463
681,pos,0.735928514679337,0.26407148532066116
682,pos,0.896739130434782,0.1032608695652173
683,neg,0.3335962145110414,0.6664037854889574
684,pos,0.5726155484730698,0.4273844515269303
685,pos,0.940458497766849,0.05954150223314955
686,pos,0.8747973765351308,0.12520262346487115
687,pos,0.984577376623039,0.015422623376957264
688,pos,0.7364571187569827,0.2635428812430151
689,pos,0.7587361336567242,0.24126386634327462
690,pos,0.7362882020331071,0.26371179796689137
691,pos,0.9550564052182318,0.04494359478176796
692,pos,0.8919835599182194,0.10801644008177926
693,pos,0.554347826086956,0.4456521739130432
694,pos,0.8665468942481251,0.13345310575187422
695,pos,0.9926708685245381,0.0073291314754661465
696,pos,0.7082698470501543,0.29173015294984644
697,pos,0.9640256733062681,0.035974326693731025
698,neg,0.1837315130830481,0.8162684869169513
699,pos,0.767971608298267,0.2320283917017336
700,pos,0.9366353421709933,0.06336465782900466
701,pos,0.8225452570097374,0.1774547429902625
702,pos,0.955978621797188,0.04402137820281365
703,neg,0.3228073428070383,0.6771926571929611
704,pos,0.9060500655708624,0.09394993442913817
705,pos,0.9501978239668327,0.04980217603316652
706,pos,0.5303979588755701,0.4696020411244316
707,pos,0.7515991471215353,0.24840085287846547
708,pos,0.9362086776859507,0.06379132231404974
709,pos,0.8422815922868621,0.157718407713137
710,neg,0.3857237791113631,0.6142762208886349
711,pos,0.575763032035862,0.424236967964138
712,neg,0.4805797194956065,0.5194202805043938
713,pos,0.755400513778608,0.24459948622139133
714,pos,0.8689841338969145,0.13101586610308297
715,neg,0.32363656996505136,0.6763634300349486
716,pos,0.7656550318313159,0.2343449681686837
717,pos,0.8368357010481792,0.16316429895182016
718,neg,0.2506083304999742,0.7493916695000251
719,neg,0.23652694610778435,0.7634730538922152
720,pos,0.7256429065042354,0.27435709349576365
721,neg,0.18223760756762886,0.8177623924323675
722,neg,0.12869024991511968,0.8713097500848808
723,pos,0.6769754365196798,0.3230245634803197
724,pos,0.6915882416469068,0.30841175835309365
725,pos,0.5588626044329931,0.44113739556700576
726,neg,0.3749573569160524,0.6250426430839477
727,neg,0.3239428012710837,0.6760571987289156
728,pos,0.7011865401847794,0.2988134598152229
729,pos,0.9238080206010693,0.07619197939893022
730,neg,0.07286644391257073,0.9271335560874303
731,pos,0.9324340661477337,0.06756593385226614
732,neg,0.46201478419282566,0.5379852158071743
733,pos,0.8917995444191313,0.1082004555808658
734,pos,0.8937768240343343,0.10622317596566519
735,neg,0.4841111515846169,0.5158888484153836
736,pos,0.73876657452411,0.2612334254758898
737,pos,0.9251898708865502,0.0748101291134522
738,pos,0.9880529042152086,0.011947095784793357
739,pos,0.5888888888888898,0.4111111111111112
740,pos,0.8801563686498077,0.11984363135019156
741,pos,0.575763032035862,0.42423696796413596
742,pos,0.9513620101172433,0.04863798988275902
743,pos,0.7424064931804875,0.25759350681951226
744,pos,0.9740418858431079,0.025958114156892115
745,pos,0.9340938540491341,0.06590614595086575
746,neg,0.251582278481013,0.7484177215189872
747,neg,0.4834399127107991,0.5165600872892009
748,pos,0.966143986539207,0.033856013460793075
749,pos,0.6543594829469996,0.3456405170530004
750,pos,0.7763578958162596,0.22364210418374114
751,neg,0.3675176056338023,0.6324823943661966
752,pos,0.9364479629188873,0.0635520370811129
753,pos,0.902300533547735,0.09769946645226474
754,pos,0.9798166391738586,0.020183360826142045
755,neg,0.29596206491879157,0.7040379350812075
756,neg,0.37043545946165785,0.6295645405383418
757,pos,0.6323061874805723,0.3676938125194267
758,pos,0.9583576989051583,0.04164230109484129
759,neg,0.33088235294117635,0.6691176470588237
760,pos,0.5832600304432634,0.41673996955673714
761,pos,0.7187835791938362,0.28121642080616555
762,neg,0.28852155095287707,0.7114784490471218
763,pos,0.8401883664326778,0.15981163356732125
764,neg,0.4471126908998077,0.55288730910019
765,pos,0.5685711905852879,0.431428809414711
766,neg,0.2839862065570227,0.7160137934429774
767,pos,0.7323792665426314,0.2676207334573695
768,pos,0.7806118924859612,0.2193881075140407
769,pos,0.8473655354011906,0.15263446459880672
770,pos,0.6137457378621499,0.38625426213785025
771,neg,0.41575410628817033,0.5842458937118312
772,pos,0.8275212669318764,0.17247873306812445
773,neg,0.016037913554465957,0.983962086445534
774,pos,0.5635956613617134,0.4364043386382867
775,pos,0.6335438850928115,0.3664561149071893
776,neg,0.40019517199821086,0.5998048280017885
777,neg,0.47733523994920185,0.5226647600507982
778,pos,0.8953181832416921,0.10468181675830679
779,pos,0.8045332344557561,0.1954667655442422
780,neg,0.2548745842048115,0.7451254157951909
781,pos,0.9893369922767994,0.010663007723201286
782,neg,0.383415175000147,0.6165848249998525
783,pos,0.5129916786514627,0.4870083213485379
784,neg,0.09485368152491905,0.9051463184750826
785,pos,0.9421718456920798,0.057828154307921854
786,pos,0.748195632067244,0.2518043679327574
787,neg,0.48232149016902587,0.517678509830976
788,pos,0.7199476197257368,0.2800523802742618
789,pos,0.93266922249951,0.06733077750049003
790,neg,0.29719123371055506,0.7028087662894446
791,pos,0.7456709956709945,0.2543290043290042
792,pos,0.7146285752381161,0.2853714247618844
793,pos,0.9708950390322051,0.02910496096779473
794,pos,0.7238560252994853,0.2761439747005171
795,pos,0.8451118457740746,0.15488815422592633
796,neg,0.3080785612529239,0.6919214387470756
797,neg,0.4773505398999206,0.5226494601000798
798,pos,0.5644412776471849,0.43555872235281623
799,pos,0.5202916043590734,0.47970839564092604
800,pos,0.7471430980628423,0.2528569019371577
801,neg,0.08784772075700698,0.9121522792429927
802,pos,0.9024010467347368,0.09759895326526138
803,pos,0.8462337919449757,0.15376620805502286
804,pos,0.9549910581104499,0.045008941889549924
805,neg,0.36071587372165415,0.6392841262783456
806,pos,0.5395517490534095,0.46044825094659053
807,pos,0.8548992643692007,0.1451007356307971
808,pos,0.9810916645218226,0.01890833547817776
809,neg,0.1686359866768646,0.8313640133231341
810,pos,0.9233740261306639,0.07662597386933472
811,neg,0.2938111441780479,0.7061888558219527
812,pos,0.8569482288828351,0.14305177111716605
813,neg,0.09545770711300748,0.9045422928869918
814,neg,0.45238095238095216,0.5476190476190476
815,pos,0.7623605715226623,0.23763942847733738
816,pos,0.7495159463078053,0.2504840536921967
817,pos,0.5582248449645233,0.44177515503547715
818,neg,0.1400481857069588,0.8599518142930402
819,pos,0.9431407942238276,0.05685920577617331
820,pos,0.9326461245479072,0.06735387545209316
821,neg,0.43774798335665965,0.5622520166433399
822,pos,0.8517161736693446,0.14828382633065626
823,pos,0.976888838164805,0.023111161835197586
824,pos,0.8668182852766482,0.1331817147233526
825,pos,0.7491777471677966,0.25082225283220416
826,pos,0.8360602376282206,0.16393976237177807
827,pos,0.9811973511702633,0.01880264882973771
828,pos,0.7845439650464232,0.21545603495357699
829,pos,0.8103009290609173,0.1896990709390829
830,pos,0.9192536411876072,0.08074635881239305
831,pos,0.833246141773477,0.16675385822652303
832,pos,0.646130720487901,0.35386927951210123
833,neg,0.49773616652020486,0.5022638334797949
834,pos,0.7402028584601197,0.2597971415398797
835,pos,0.7388371739424252,0.2611628260575756
836,pos,0.532928662462011,0.46707133753798896
837,pos,0.8248755768594068,0.17512442314059412
838,pos,0.8261762997901512,0.17382370020984939
839,neg,0.31081081081081,0.6891891891891901
840,pos,0.9790569650550508,0.020943034944949746
841,pos,0.9171221425492937,0.08287785745070653
842,pos,0.6781898193356125,0.3218101806643888
843,neg,0.3198310139165006,0.6801689860834994
844,pos,0.6180246541350137,0.3819753458649852
845,pos,0.5348898928806399,0.4651101071193614
846,pos,0.8570884721194217,0.14291152788057931
847,pos,0.9318584070796452,0.0681415929203542
848,neg,0.3648597696342528,0.6351402303657464
849,neg,0.4068988613529807,0.5931011386470193
850,neg,0.4350699247765948,0.5649300752234059
851,pos,0.9991059725885534,0.0008940274114467914
852,pos,0.8395643241281007,0.16043567587189836
853,pos,0.9119521262240933,0.0880478737759071
854,pos,0.8528550512445092,0.1471449487554903
855,neg,0.36908528987408135,0.6309147101259179
856,pos,0.9813994030862995,0.01860059691370414
857,pos,0.8366834170854263,0.16331658291457254
858,pos,0.9988701240681913,0.0011298759318069773
859,neg,0.35446009389671285,0.6455399061032866
860,pos,0.9735944156875481,0.026405584312450908
861,pos,0.9539097704685947,0.04609022953140416
862,neg,0.35735989196488677,0.6426401080351107
863,neg,0.23579920739762222,0.764200792602377
864,pos,0.8863636608213249,0.11363633917867587
865,pos,0.8389854680005437,0.1610145319994569
866,pos,0.5084072277062076,0.4915927722937929
867,neg,0.45886075949367056,0.5411392405063286
868,pos,0.992155243600329,0.0078447563996697
869,pos,0.6718629267435866,0.32813707325641434
870,neg,0.14179294612218601,0.8582070538778142
871,pos,0.7595544804456471,0.24044551955435228
872,neg,0.35420657677381995,0.645793423226176
873,pos,0.9806379039168654,0.01936209608313443
874,pos,0.7237274406793052,0.27627255932069433
875,pos,0.5408825264518988,0.45911747354810184
876,neg,0.38696646622643655,0.613033533773564
877,pos,0.8952838700721822,0.10471612992781795
878,pos,0.7781818951742144,0.22181810482578562
879,pos,0.8770580443380798,0.12294195566192172
880,pos,0.9435974514892124,0.056402548510786396
881,pos,0.7400691267914572,0.2599308732085422
882,pos,0.9933670246367663,0.006632975363234374
883,pos,0.9388192155041906,0.06118078449580965
884,pos,0.6644337383265234,0.3355662616734776
885,pos,0.6941272430668844,0.30587275693311616
886,pos,0.6083333333333338,0.39166666666666694
887,pos,0.5787649236814265,0.4212350763185751
888,pos,0.9373298528303836,0.06267014716961487
889,neg,0.4976328814288792,0.5023671185711216
890,pos,0.7641323921890952,0.23586760781090496
891,neg,0.2740598689333108,0.72594013106669
892,pos,0.7580680636640872,0.24193193633591445
893,pos,0.833333333333334,0.16666666666666646
894,neg,0.2925207927201507,0.7074792072798481
895,neg,0.31185685307748123,0.6881431469225198
896,pos,0.8715607235153414,0.12843927648465892
897,pos,0.8533536471892644,0.14664635281073463
898,pos,0.5393845191413816,0.4606154808586186
899,pos,0.6807511202844067,0.3192488797155926
900,pos,0.6952542223422472,0.30474577765775435
901,pos,0.8532247794050762,0.1467752205949239
902,neg,0.1976706981028989,0.8023293018970991
903,pos,0.9628210690582095,0.037178930941791824
904,pos,0.8232567224972975,0.1767432775027003
905,neg,0.26206504080858356,0.7379349591914168
906,pos,0.9248620119342194,0.07513798806578065
907,pos,0.972266843617606,0.02773315638239416
908,pos,0.7954995754316422,0.20450042456835535
909,pos,0.9594210377739332,0.040578962226066446
910,pos,0.6113070952253835,0.3886929047746153
911,neg,0.027777777777777644,0.9722222222222229
912,neg,0.38846685082872817,0.6115331491712728
913,pos,0.833700519749929,0.1662994802500706
914,neg,0.23989137941859667,0.7601086205814023
915,pos,0.9727897050508012,0.027210294949200374
916,pos,0.9989582764213867,0.0010417235786100067
917,neg,0.45652173913043487,0.5434782608695651
918,neg,0.4499601275917069,0.5500398724082934
919,neg,0.2431469474224826,0.7568530525775169
920,neg,0.11853658536585371,0.8814634146341458
921,pos,0.9781335537061198,0.021866446293880452
922,pos,0.8836582330916877,0.1163417669083119
923,pos,0.784937726586758,0.21506227341324102
924,pos,0.501428425303727,0.4985715746962732
925,pos,0.5294483382319684,0.4705516617680304
926,pos,0.8521993422356826,0.14780065776431803
927,pos,0.964318435827178,0.03568156417281745
928,neg,0.4793812787000116,0.5206187212999884
929,neg,0.33125494061404104,0.6687450593859585
930,pos,0.5491926398798339,0.45080736012016376
931,neg,0.015654011052784002,0.9843459889472174
932,neg,0.26555825627942675,0.734441743720572
933,pos,0.6837468750092417,0.3162531249907579
934,pos,0.5265031734619341,0.47349682653806413
935,neg,0.42082880906887216,0.5791711909311281
936,pos,0.6360622503597738,0.3639377496402254
937,pos,0.9411172954600168,0.058882704539982345
938,neg,0.29782133404932665,0.7021786659506736
939,pos,0.8942065210199844,0.10579347898001377
940,pos,0.5721132373667949,0.4278867626332038
941,pos,0.9848562730744967,0.015143726925502395
942,pos,0.9130029987575695,0.08699700124243213
943,pos,0.7955589315552991,0.20444106844470034
944,pos,0.6340392855332517,0.3659607144667475
945,pos,0.5462781049821352,0.45372189501786403
946,pos,0.8293870352032994,0.17061296479670074
947,pos,0.7573311111349307,0.24266888886507146
948,pos,0.926905429547958,0.07309457045204484
949,pos,0.5117679008529065,0.4882320991470948
950,pos,0.9984036081878089,0.001596391812189186
951,neg,0.33453435014390004,0.6654656498560998
952,pos,0.7323192414065581,0.26768075859344165
953,pos,0.667142010944546,0.33285798905545405
954,neg,0.11512666677024193,0.884873333229758
955,pos,0.9026140989929304,0.09738590100707105
956,pos,0.5729904931814855,0.4270095068185149
957,neg,0.20027624309392286,0.7997237569060768
958,neg,0.17458798766698394,0.8254120123330171
959,neg,0.3715142616067276,0.6284857383932732
960,pos,0.8079467856057795,0.19205321439422118
961,pos,0.7158399617859381,0.2841600382140629
962,pos,0.9737461056093011,0.02625389439069937
963,pos,0.7918707149853095,0.2081292850146915
964,neg,0.2971150373451502,0.7028849626548492
965,pos,0.8903475746753422,0.10965242532465923
966,neg,0.44547117319301416,0.5545288268069879
967,pos,0.727447847605399,0.2725521523945997
968,pos,0.5751494955876328,0.42485050441236727
969,pos,0.9964492186846186,0.0035507813153789584
970,pos,0.8222591604555902,0.17774083954440967
971,pos,0.5185950166659827,0.4814049833340168
972,pos,0.902447314751868,0.09755268524813032
973,pos,0.5619382435442283,0.43806175645577283
974,pos,0.9298347847225359,0.07016521527746904
975,pos,0.5179032889690273,0.4820967110309729
976,pos,0.8865679094540616,0.11343209054593865
977,neg,0.4111885598949726,0.5888114401050271
978,pos,0.7525597269624565,0.24744027303754257
979,pos,0.7866828933167502,0.21331710668325093
980,neg,0.2587251492027931,0.7412748507972077
981,pos,0.515275655386259,0.4847243446137407
982,neg,0.27768987341772067,0.7223101265822788
983,neg,0.4820211719262451,0.5179788280737557
984,neg,0.2986531061022526,0.7013468938977451
985,neg,0.2610842706702581,0.7389157293297439
986,pos,0.7469167356223654,0.2530832643776347
987,pos,0.8023077848340591,0.19769221516594546
988,neg,0.15939339593051172,0.8406066040694875
989,neg,0.3180613082017731,0.6819386917982275
990,pos,0.8700173908622046,0.1299826091377935
991,pos,0.603444479506526,0.3965555204934753
992,pos,0.9400257080710293,0.05997429192896893
993,neg,0.3236805446185336,0.6763194553814662
994,pos,0.8605373346824012,0.1394626653175973
995,pos,0.6873997880994345,0.3126002119005655
996,pos,0.5576916943488983,0.44230830565110013
997,pos,0.6387863507253941,0.3612136492746071
998,pos,0.9956294756810353,0.004370524318965382
999,pos,0.7648043527451788,0.23519564725482203
